Category,Revenue,Profit,Profit_Margin_%
Electronics,3382028.46,925448.15,23.344370257966617
Home & Kitchen,892842.02,232421.45,23.01918824701195
Clothing,407471.79,115705.29,24.803338391502276
Books & Media,386644.46,105037.69,23.611306901615272
Beauty & Health,215400.97,59025.73,23.477438596491226
