Feature,Coefficient
Intercept,-29.377316713620136
Unit_Price,0.6111782422285593
Quantity,52.28003707138274
Discount,-664.786537852889
Shipping_Cost,0.10599819359069748
